title,link,current_price,price,old_price,full_price_info,brand,photo
Carrito Montable Prinsel Corsa 1612 Barra Desmontable Rojo,https://www.walmart.com.mx/ip/montables/carrito-montable-prinsel-corsa-1612-barra-desmontable-rojo/00750103691612?athbdg=L1300&from=/search,"precio actual $1,489.00",1489.0,"Costaba $1,899.00","precio actual $1,489.00 | Costaba $1,899.00",Prinsel,https://i5.walmartimages.com.mx/mg/gm/1p/images/product-images/img_large/00750103691612l.jpg?odnHeight=580&odnWidth=580&odnBg=FFFFFF
Carrito Montable Bebe Sombrilla Niño Push Car,https://www.walmart.com.mx/ip/montables/carrito-montable-bebe-sombrilla-nino-push-car/00077778621215?from=/search,"precio actual $1,469.00",1469.0,,"precio actual $1,469.00",Mytek,https://i5.walmartimages.com/asr/3a4ef053-037d-42b3-9e38-ef56500005b2.bb0979446a4a2a5369dd2f0e3e291a17.jpeg?odnHeight=580&odnWidth=580&odnBg=FFFFFF
Carrito Montable Bebe Sombrilla Niño Push Car MyTek Mini Movil Rojo,https://www.walmart.com.mx/ip/montables/carrito-montable-bebe-sombrilla-nino-push-car-mytek-mini-movil-rojo/00068194405205?from=/search,"precio actual $1,579.00",1579.0,,"precio actual $1,579.00",Mytek,https://i5.walmartimages.com/asr/64059c17-9c07-4914-ba28-d1b9e6e45d35.953f343b700c318d8f3b9499e64b1628.jpeg?odnHeight=580&odnWidth=580&odnBg=FFFFFF
"Step2 Extreme Coaster Toy for Kids, Ride On Push Car, Indoor/Outdoor Roller Coaster Ride Playset, Toddler Ages 3 - 8 Years Old, Compact Storage, Max Weight 75 lbs., Easy Assembly",https://www.walmart.com.mx/ip/montables/step2-extreme-coaster-toy-for-kids-ride-on-push-car-indoor-outdoor-roller-coaster-ride-playset-toddler-ages-3-8-years-old-compact-storage-max-weight-75-lbs-easy-assembly/00073353885169?athbdg=L1300&from=/search,"precio actual $21,739.00",21739.0,"Costaba $28,261.00","precio actual $21,739.00 | Costaba $28,261.00",Step2,https://i5.walmartimages.com/asr/3ec9a660-f0c3-4a3f-8bd9-ae07c1e3a8ce.86177c1d737605613d3782f60a9d0b4c.jpeg?odnHeight=580&odnWidth=580&odnBg=FFFFFF
Carrito Push Car Montable Infantil Prinsel Fiat 500 Rojo rojo 1,https://www.walmart.com.mx/ip/montables/carrito-push-car-montable-infantil-prinsel-fiat-500-rojo-rojo-1/00750103691731?athbdg=L1300&from=/search,"precio actual $2,599.00",2599.0,"Costaba $3,299.00","precio actual $2,599.00 | Costaba $3,299.00",Prinsel,https://i5.walmartimages.com/asr/893b02ca-978b-493b-b90c-18747c13c5c1.987d391d2060159dc01a847878d45fef.jpeg?odnHeight=580&odnWidth=580&odnBg=FFFFFF
Push Car Prinsel Adventure Boy,https://www.walmart.com.mx/ip/montables/push-car-prinsel-adventure-boy/00750103691630?athbdg=L1300&from=/search,"precio actual $1,579.00",1579.0,"Costaba $2,499.00","precio actual $1,579.00 | Costaba $2,499.00",Prinsel,https://i5.walmartimages.com.mx/mg/gm/1p/images/product-images/img_large/00750103691630l.jpg?odnHeight=580&odnWidth=580&odnBg=FFFFFF
"Push Car Step2 Whisper Ride II para niños, de 1,5 a 4 años, color azul",https://www.walmart.com.mx/ip/juegos-de-construccion/push-car-step2-whisper-ride-ii-para-ninos-de-1-5-a-4-anos-color-azul/00004494289497?from=/search,"precio actual $3,642.00",3642.0,,"precio actual $3,642.00",Step2,https://i5.walmartimages.com/asr/77ade4fe-bc4d-4572-b3de-197ca263b1e5.ea6911e98bc68020bb3003248c119f99.jpeg?odnHeight=580&odnWidth=580&odnBg=FFFFFF
"Step2 Whisper Ride II Kids Push Cars, Ride On Car, Seat Belt, Horn, Toddlers Ages 1.5 – 4 Years Old, Max Weight 50 lbs., Quick Storage, Stroller Substitute, Blue",https://www.walmart.com.mx/ip/montables/step2-whisper-ride-ii-kids-push-cars-ride-on-car-seat-belt-horn-toddlers-ages-1-5-4-years-old-max-weight-50-lbs-quick-storage-stroller-substitute-blue/00761303550725?athbdg=L1300&from=/search,"precio actual $8,425.00",8425.0,"Costaba $10,952.00","precio actual $8,425.00 | Costaba $10,952.00",Step2,https://i5.walmartimages.com/asr/f15648b1-232c-4be5-9087-6f1f311d3f68.d18fa3fb6f2dd195880c5113e45a2b06.jpeg?odnHeight=580&odnWidth=580&odnBg=FFFFFF
Montable Push Car Prinsel Corsa Boy Rojo,https://www.walmart.com.mx/ip/montables/montable-push-car-prinsel-corsa-boy-rojo/00046165045926?athbdg=L1300&from=/search,"precio actual $1,449.00",1449.0,"Costaba $1,899.00","precio actual $1,449.00 | Costaba $1,899.00",Prinsel,https://i5.walmartimages.com/asr/c22a5c81-1710-42ea-8723-15b4646e8b5e.3fc9a7a2c274a6f58e2942b872224279.jpeg?odnHeight=580&odnWidth=580&odnBg=FFFFFF
Montable Step2 Push Around Buggy GT Rojo,https://www.walmart.com.mx/ip/montables/montable-step2-push-around-buggy-gt-rojo/00073353887449?from=/search,"precio actual $2,298.00",2298.0,,"precio actual $2,298.00",Step2,https://i5.walmartimages.com.mx/mg/gm/1p/images/product-images/img_large/00073353887449l.jpg?odnHeight=580&odnWidth=580&odnBg=FFFFFF
Push Car Prinsel Discovery E-line Girl,https://www.walmart.com.mx/ip/montables/push-car-prinsel-discovery-e-line-girl/00750103691669?athbdg=L1300&from=/search,precio actual $855.00,855.0,"Costaba $1,199.00","precio actual $855.00 | Costaba $1,199.00",Prinsel,https://i5.walmartimages.com.mx/mg/gm/1p/images/product-images/img_large/00750103691669l.jpg?odnHeight=580&odnWidth=580&odnBg=FFFFFF
Fiat push car White,https://www.walmart.com.mx/ip/montables/fiat-push-car-white/00085651100800?athbdg=L1300&from=/search,"precio actual $7,913.00",7913.0,"Costaba $10,287.00","precio actual $7,913.00 | Costaba $10,287.00",Best Ride On Cars,https://i5.walmartimages.com/asr/c5b935f4-730b-460b-a943-c1e32caec6a9.f0d216f39b8f4af7dc88c00dc790bdd5.jpeg?odnHeight=580&odnWidth=580&odnBg=FFFFFF
Correpasillos Prinsel 1613 Rosa,https://www.walmart.com.mx/ip/montables/correpasillos-prinsel-1613-rosa/00750103691613?athbdg=L1300&from=/search,"precio actual $1,449.00",1449.0,"Costaba $1,899.00","precio actual $1,449.00 | Costaba $1,899.00",Prinsel,https://i5.walmartimages.com.mx/mg/gm/1p/images/product-images/img_large/00750103691613l.jpg?odnHeight=580&odnWidth=580&odnBg=FFFFFF
Montable Eléctrico Prinsel Flex Kart Rojo,https://www.walmart.com.mx/ip/montables/montable-electrico-prinsel-flex-kart-rojo/00750103691115?athbdg=L1300&from=/search,"precio actual $3,419.00",3419.0,"Costaba $5,299.00","precio actual $3,419.00 | Costaba $5,299.00",Prinsel,https://i5.walmartimages.com.mx/mg/gm/1p/images/product-images/img_large/00750103691115l.jpg?odnHeight=580&odnWidth=580&odnBg=FFFFFF
Montable MyToy Herbi Car Rojo,https://www.walmart.com.mx/ip/montables/montable-mytoy-herbi-car-rojo/00831715055210?from=/search,precio actual $549.00,549.0,,precio actual $549.00,Mytoy,https://i5.walmartimages.com/asr/cda02114-f4a3-47e4-8380-cdfdf69366ec.5f8365caa8a7ba1176138d7c49a9e506.jpeg?odnHeight=580&odnWidth=580&odnBg=FFFFFF
"B. toys – Push CarToy – Ride-On Race Car –Walker Toy - Handle & Storage Space – Lights, Songs & Sounds – 1 Year + – Rollin' Riders - Freddy Zoom",https://www.walmart.com.mx/ip/montables/b-toys-push-cartoy-ride-on-race-car-walker-toy-handle-storage-space-lights-songs-sounds-1-year-rollin-riders-freddy-zoom/00006224344426?athbdg=L1300&from=/search,"precio actual $3,765.00",3765.0,"Costaba $4,894.00","precio actual $3,765.00 | Costaba $4,894.00",B. Toys,https://i5.walmartimages.com/asr/60c2e457-47b2-4a34-8596-e2cc11067fc8.691d0c889ccbe44801e27a98a12738c8.jpeg?odnHeight=580&odnWidth=580&odnBg=FFFFFF
